-- Fixed UUIDv7 samples use the first block to show the entity family.
-- a: asset, b: brand, c: category, d: item, e: item asset, f: basket/buyer.
INSERT INTO assets (id, asset_code, asset_type)
VALUES 
    ('a0000000-0000-7000-8000-000000000001', 'b52dc7f712d94ca5812dd995bf926c04', 'png'),
    ('a0000000-0000-7000-8000-000000000002', '80bc8e167ccb4543b2f9d51913073492', 'png'),
    ('a0000000-0000-7000-8000-000000000003', '05d38fad5693422c8a27dd5b14070ec8', 'png'),
    ('a0000000-0000-7000-8000-000000000004', '45c22ba3da064391baac91341067ffe9', 'png'),
    ('a0000000-0000-7000-8000-000000000005', '4aed07c4ed5d45a5b97f11acedfbb601', 'png'),
    ('a0000000-0000-7000-8000-000000000006', '082b37439ecc44919626ba00fc60ee85', 'png'),
    ('a0000000-0000-7000-8000-000000000007', 'f5f89954281747fa878129c29e1e0f83', 'png'),
    ('a0000000-0000-7000-8000-000000000008', 'a8291ef2e8e14869a7048e272915f33c', 'png'),
    ('a0000000-0000-7000-8000-000000000009', '66237018c769478a90037bd877f5fba1', 'png'),
    ('a0000000-0000-7000-8000-00000000000a', 'd136d4c81b86478990984dcafbf08244', 'png'),
    ('a0000000-0000-7000-8000-00000000000b', '47183f32f6584d7fb661f9216e11318b', 'png'),
    ('a0000000-0000-7000-8000-00000000000c', 'cf151206efd344e1b86854f4aa49fdef', 'png'),
    ('a0000000-0000-7000-8000-00000000000d', 'ab2e78eb7fe3408aadbf1e17a9945a8c', 'png'),
    ('a0000000-0000-7000-8000-00000000000e', '0e557e96bc054f10bc91c27405a83e85', 'png'),
    ('a0000000-0000-7000-8000-00000000000f', 'e622b0098808492cb883831c05486b58', 'png');
    
INSERT INTO catalog_brands (id, name) 
VALUES 
    ('b0000000-0000-7000-8000-000000000001', '高級なブランド'),
    ('b0000000-0000-7000-8000-000000000002', 'カジュアルなブランド'),
    ('b0000000-0000-7000-8000-000000000003', 'ノーブランド');

INSERT INTO catalog_categories (id, name) 
VALUES 
    ('c0000000-0000-7000-8000-000000000001', '服'),
    ('c0000000-0000-7000-8000-000000000002', 'バッグ'),
    ('c0000000-0000-7000-8000-000000000003', 'シューズ');

INSERT INTO catalog_items (id, name, description, price, product_code, catalog_category_id, catalog_brand_id, is_deleted, row_version) 
VALUES 
    ('d0000000-0000-7000-8000-000000000001', 'クルーネック Tシャツ - ブラック', '定番の無地ロングTシャツです。', 1980, 'C000000001', 'c0000000-0000-7000-8000-000000000001', 'b0000000-0000-7000-8000-000000000003', false, CURRENT_TIMESTAMP),
    ('d0000000-0000-7000-8000-000000000002', '裏起毛 スキニーデニム', '暖かいのに着膨れしない起毛デニムです。', 4800, 'C000000002', 'c0000000-0000-7000-8000-000000000001', 'b0000000-0000-7000-8000-000000000002', false, CURRENT_TIMESTAMP),
    ('d0000000-0000-7000-8000-000000000003', 'ウールコート', 'あたたかく肌ざわりも良いウール100%のロングコートです。', 49800, 'C000000003', 'c0000000-0000-7000-8000-000000000001', 'b0000000-0000-7000-8000-000000000001', false, CURRENT_TIMESTAMP),
    ('d0000000-0000-7000-8000-000000000004', '無地 ボタンダウンシャツ', 'コットン100%の柔らかい着心地で、春先から夏、秋口まで万能に使いやすいです。', 2800, 'C000000004', 'c0000000-0000-7000-8000-000000000001', 'b0000000-0000-7000-8000-000000000002', false, CURRENT_TIMESTAMP),
    ('d0000000-0000-7000-8000-000000000005', 'レザーハンドバッグ', 'コンパクトサイズのバッグですが収納力は抜群です。', 18800, 'B000000001', 'c0000000-0000-7000-8000-000000000002', 'b0000000-0000-7000-8000-000000000003', false, CURRENT_TIMESTAMP),
    ('d0000000-0000-7000-8000-000000000006', 'ショルダーバッグ', 'エイジング加工したレザーを使用しています。', 38000, 'B000000002', 'c0000000-0000-7000-8000-000000000002', 'b0000000-0000-7000-8000-000000000002', false, CURRENT_TIMESTAMP),
    ('d0000000-0000-7000-8000-000000000007', 'トートバッグ ポーチ付き', '春の季節にぴったりのトートバッグです。インナーポーチまたは単体でも使用可能なポーチ付。', 24800, 'B000000003', 'c0000000-0000-7000-8000-000000000002', 'b0000000-0000-7000-8000-000000000003', false, CURRENT_TIMESTAMP),
    ('d0000000-0000-7000-8000-000000000008', 'ショルダーバッグ', 'さらりと気軽に纏える、キュートなミニサイズショルダー。', 2800, 'B000000004', 'c0000000-0000-7000-8000-000000000002', 'b0000000-0000-7000-8000-000000000001', false, CURRENT_TIMESTAMP),
    ('d0000000-0000-7000-8000-000000000009', 'レザー チェーンショルダーバッグ', 'エレガントな雰囲気を放つキルティングデザインです。', 258000, 'B000000005', 'c0000000-0000-7000-8000-000000000002', 'b0000000-0000-7000-8000-000000000001', false, CURRENT_TIMESTAMP),
    ('d0000000-0000-7000-8000-00000000000a', 'ランニングシューズ - ブルー', '柔らかいソールは快適な履き心地で、ランニングに最適です。', 12800, 'S000000001', 'c0000000-0000-7000-8000-000000000003', 'b0000000-0000-7000-8000-000000000002', false, CURRENT_TIMESTAMP),
    ('d0000000-0000-7000-8000-00000000000b', 'メダリオン ストレートチップ ドレスシューズ', 'イタリアの職人が丁寧に手作業で作り上げた一品です。', 23800, 'S000000002', 'c0000000-0000-7000-8000-000000000003', 'b0000000-0000-7000-8000-000000000001', false, CURRENT_TIMESTAMP);

INSERT INTO catalog_item_assets (id, asset_code, catalog_item_id) 
VALUES 
    ('e0000000-0000-7000-8000-000000000001', '45c22ba3da064391baac91341067ffe9', 'd0000000-0000-7000-8000-000000000001'),
    ('e0000000-0000-7000-8000-000000000002', '4aed07c4ed5d45a5b97f11acedfbb601', 'd0000000-0000-7000-8000-000000000002'),
    ('e0000000-0000-7000-8000-000000000003', '082b37439ecc44919626ba00fc60ee85', 'd0000000-0000-7000-8000-000000000003'),
    ('e0000000-0000-7000-8000-000000000004', 'f5f89954281747fa878129c29e1e0f83', 'd0000000-0000-7000-8000-000000000004'),
    ('e0000000-0000-7000-8000-000000000005', 'a8291ef2e8e14869a7048e272915f33c', 'd0000000-0000-7000-8000-000000000005'),
    ('e0000000-0000-7000-8000-000000000006', '66237018c769478a90037bd877f5fba1', 'd0000000-0000-7000-8000-000000000006'),
    ('e0000000-0000-7000-8000-000000000007', 'd136d4c81b86478990984dcafbf08244', 'd0000000-0000-7000-8000-000000000007'),
    ('e0000000-0000-7000-8000-000000000008', '47183f32f6584d7fb661f9216e11318b', 'd0000000-0000-7000-8000-000000000008'),
    ('e0000000-0000-7000-8000-000000000009', 'cf151206efd344e1b86854f4aa49fdef', 'd0000000-0000-7000-8000-000000000009'),
    ('e0000000-0000-7000-8000-00000000000a', 'ab2e78eb7fe3408aadbf1e17a9945a8c', 'd0000000-0000-7000-8000-00000000000a'),
    ('e0000000-0000-7000-8000-00000000000b', '0e557e96bc054f10bc91c27405a83e85', 'd0000000-0000-7000-8000-00000000000b');
