INSERT INTO assets (id, asset_code, asset_type)
VALUES 
    ('018f25d7-0000-7000-8000-000000000001', 'b52dc7f712d94ca5812dd995bf926c04', 'png'),
    ('018f25d7-0000-7000-8000-000000000002', '80bc8e167ccb4543b2f9d51913073492', 'png'),
    ('018f25d7-0000-7000-8000-000000000003', '05d38fad5693422c8a27dd5b14070ec8', 'png'),
    ('018f25d7-0000-7000-8000-000000000004', '45c22ba3da064391baac91341067ffe9', 'png'),
    ('018f25d7-0000-7000-8000-000000000005', '4aed07c4ed5d45a5b97f11acedfbb601', 'png'),
    ('018f25d7-0000-7000-8000-000000000006', '082b37439ecc44919626ba00fc60ee85', 'png'),
    ('018f25d7-0000-7000-8000-000000000007', 'f5f89954281747fa878129c29e1e0f83', 'png'),
    ('018f25d7-0000-7000-8000-000000000008', 'a8291ef2e8e14869a7048e272915f33c', 'png'),
    ('018f25d7-0000-7000-8000-000000000009', '66237018c769478a90037bd877f5fba1', 'png'),
    ('018f25d7-0000-7000-8000-00000000000a', 'd136d4c81b86478990984dcafbf08244', 'png'),
    ('018f25d7-0000-7000-8000-00000000000b', '47183f32f6584d7fb661f9216e11318b', 'png'),
    ('018f25d7-0000-7000-8000-00000000000c', 'cf151206efd344e1b86854f4aa49fdef', 'png'),
    ('018f25d7-0000-7000-8000-00000000000d', 'ab2e78eb7fe3408aadbf1e17a9945a8c', 'png'),
    ('018f25d7-0000-7000-8000-00000000000e', '0e557e96bc054f10bc91c27405a83e85', 'png'),
    ('018f25d7-0000-7000-8000-00000000000f', 'e622b0098808492cb883831c05486b58', 'png');
    
INSERT INTO catalog_brands (id, name) 
VALUES 
    ('018f25d7-0000-7000-8000-000000000101', '高級なブランド'),
    ('018f25d7-0000-7000-8000-000000000102', 'カジュアルなブランド'),
    ('018f25d7-0000-7000-8000-000000000103', 'ノーブランド');

INSERT INTO catalog_categories (id, name) 
VALUES 
    ('018f25d7-0000-7000-8000-000000000201', '服'),
    ('018f25d7-0000-7000-8000-000000000202', 'バッグ'),
    ('018f25d7-0000-7000-8000-000000000203', 'シューズ');

INSERT INTO catalog_items (id, name, description, price, product_code, catalog_category_id, catalog_brand_id, is_deleted, row_version) 
VALUES 
    ('018f25d7-0000-7000-8000-000000000301', 'クルーネック Tシャツ - ブラック', '定番の無地ロングTシャツです。', 1980, 'C000000001', '018f25d7-0000-7000-8000-000000000201', '018f25d7-0000-7000-8000-000000000103', false, CURRENT_TIMESTAMP),
    ('018f25d7-0000-7000-8000-000000000302', '裏起毛 スキニーデニム', '暖かいのに着膨れしない起毛デニムです。', 4800, 'C000000002', '018f25d7-0000-7000-8000-000000000201', '018f25d7-0000-7000-8000-000000000102', false, CURRENT_TIMESTAMP),
    ('018f25d7-0000-7000-8000-000000000303', 'ウールコート', 'あたたかく肌ざわりも良いウール100%のロングコートです。', 49800, 'C000000003', '018f25d7-0000-7000-8000-000000000201', '018f25d7-0000-7000-8000-000000000101', false, CURRENT_TIMESTAMP),
    ('018f25d7-0000-7000-8000-000000000304', '無地 ボタンダウンシャツ', 'コットン100%の柔らかい着心地で、春先から夏、秋口まで万能に使いやすいです。', 2800, 'C000000004', '018f25d7-0000-7000-8000-000000000201', '018f25d7-0000-7000-8000-000000000102', false, CURRENT_TIMESTAMP),
    ('018f25d7-0000-7000-8000-000000000305', 'レザーハンドバッグ', 'コンパクトサイズのバッグですが収納力は抜群です。', 18800, 'B000000001', '018f25d7-0000-7000-8000-000000000202', '018f25d7-0000-7000-8000-000000000103', false, CURRENT_TIMESTAMP),
    ('018f25d7-0000-7000-8000-000000000306', 'ショルダーバッグ', 'エイジング加工したレザーを使用しています。', 38000, 'B000000002', '018f25d7-0000-7000-8000-000000000202', '018f25d7-0000-7000-8000-000000000102', false, CURRENT_TIMESTAMP),
    ('018f25d7-0000-7000-8000-000000000307', 'トートバッグ ポーチ付き', '春の季節にぴったりのトートバッグです。インナーポーチまたは単体でも使用可能なポーチ付。', 24800, 'B000000003', '018f25d7-0000-7000-8000-000000000202', '018f25d7-0000-7000-8000-000000000103', false, CURRENT_TIMESTAMP),
    ('018f25d7-0000-7000-8000-000000000308', 'ショルダーバッグ', 'さらりと気軽に纏える、キュートなミニサイズショルダー。', 2800, 'B000000004', '018f25d7-0000-7000-8000-000000000202', '018f25d7-0000-7000-8000-000000000101', false, CURRENT_TIMESTAMP),
    ('018f25d7-0000-7000-8000-000000000309', 'レザー チェーンショルダーバッグ', 'エレガントな雰囲気を放つキルティングデザインです。', 258000, 'B000000005', '018f25d7-0000-7000-8000-000000000202', '018f25d7-0000-7000-8000-000000000101', false, CURRENT_TIMESTAMP),
    ('018f25d7-0000-7000-8000-00000000030a', 'ランニングシューズ - ブルー', '柔らかいソールは快適な履き心地で、ランニングに最適です。', 12800, 'S000000001', '018f25d7-0000-7000-8000-000000000203', '018f25d7-0000-7000-8000-000000000102', false, CURRENT_TIMESTAMP),
    ('018f25d7-0000-7000-8000-00000000030b', 'メダリオン ストレートチップ ドレスシューズ', 'イタリアの職人が丁寧に手作業で作り上げた一品です。', 23800, 'S000000002', '018f25d7-0000-7000-8000-000000000203', '018f25d7-0000-7000-8000-000000000101', false, CURRENT_TIMESTAMP);

INSERT INTO catalog_item_assets (id, asset_code, catalog_item_id) 
VALUES 
    ('018f25d7-0000-7000-8000-000000000401', '45c22ba3da064391baac91341067ffe9', '018f25d7-0000-7000-8000-000000000301'),
    ('018f25d7-0000-7000-8000-000000000402', '4aed07c4ed5d45a5b97f11acedfbb601', '018f25d7-0000-7000-8000-000000000302'),
    ('018f25d7-0000-7000-8000-000000000403', '082b37439ecc44919626ba00fc60ee85', '018f25d7-0000-7000-8000-000000000303'),
    ('018f25d7-0000-7000-8000-000000000404', 'f5f89954281747fa878129c29e1e0f83', '018f25d7-0000-7000-8000-000000000304'),
    ('018f25d7-0000-7000-8000-000000000405', 'a8291ef2e8e14869a7048e272915f33c', '018f25d7-0000-7000-8000-000000000305'),
    ('018f25d7-0000-7000-8000-000000000406', '66237018c769478a90037bd877f5fba1', '018f25d7-0000-7000-8000-000000000306'),
    ('018f25d7-0000-7000-8000-000000000407', 'd136d4c81b86478990984dcafbf08244', '018f25d7-0000-7000-8000-000000000307'),
    ('018f25d7-0000-7000-8000-000000000408', '47183f32f6584d7fb661f9216e11318b', '018f25d7-0000-7000-8000-000000000308'),
    ('018f25d7-0000-7000-8000-000000000409', 'cf151206efd344e1b86854f4aa49fdef', '018f25d7-0000-7000-8000-000000000309'),
    ('018f25d7-0000-7000-8000-00000000040a', 'ab2e78eb7fe3408aadbf1e17a9945a8c', '018f25d7-0000-7000-8000-00000000030a'),
    ('018f25d7-0000-7000-8000-00000000040b', '0e557e96bc054f10bc91c27405a83e85', '018f25d7-0000-7000-8000-00000000030b');
