INSERT INTO announcements (id, category, post_date_time, expire_date_time, display_priority, created_at, changed_at, is_deleted) VALUES
('0193ae97-b800-7001-8001-000000000001', '一般', '2025-01-01 00:00:00', '2026-01-01 00:00:00', 1, '2025-01-01 00:00:00', '2025-01-01 00:00:00', false),
('0193ae97-b800-7001-8001-000000000002', '一般', '2025-01-02 00:00:00', '2026-01-02 00:00:00', 2, '2025-01-02 00:00:00', '2025-01-02 00:00:00', false),
('0193ae97-b800-7001-8001-000000000003', '一般', '2025-01-03 00:00:00', '2026-01-03 00:00:00', 3, '2025-01-03 00:00:00', '2025-01-03 00:00:00', false),
('0193ae97-b800-7001-8001-000000000004', 'イベント', '2025-01-04 00:00:00', '2026-01-04 00:00:00', 4, '2025-01-04 00:00:00', '2025-01-04 00:00:00', false),
('0193ae97-b800-7001-8001-000000000005', 'イベント', '2025-01-05 00:00:00', '2026-01-05 00:00:00', 1, '2025-01-05 00:00:00', '2025-01-05 00:00:00', false),
('0193ae97-b800-7001-8001-000000000006', '更新', '2025-01-06 00:00:00', '2026-01-01 06:00:00', 2, '2025-01-06 00:00:00', '2025-01-06 00:00:00', false),
('0193ae97-b800-7001-8001-000000000007', '更新', '2025-01-07 00:00:00', '2026-01-01 07:00:00', 3, '2025-01-07 00:00:00', '2025-01-07 00:00:00', false),
('0193ae97-b800-7001-8001-000000000008', '重要', '2025-01-08 00:00:00', '2026-01-01 08:00:00', 4, '2025-01-08 00:00:00', '2025-01-08 00:00:00', false),
('0193ae97-b800-7001-8001-000000000009', '重要', '2025-01-09 00:00:00', '2026-01-01 09:00:00', 1, '2025-01-09 00:00:00', '2025-01-09 00:00:00', false),
('0193ae97-b800-7001-8001-00000000000a', '一般', '2025-01-10 00:00:00', '2026-01-01 10:00:00', 3, '2025-01-10 00:00:00', '2025-01-10 00:00:00', false),
('0193ae97-b800-7001-8001-00000000000b', '一般', '2025-01-11 00:00:00', '2026-01-01 11:00:00', 2, '2025-01-11 00:00:00', '2025-01-11 00:00:00', false),
('0193ae97-b800-7001-8001-00000000000c', 'イベント', '2025-01-12 00:00:00', '2026-01-12 00:00:00', 4, '2025-01-12 00:00:00', '2025-01-12 00:00:00', false),
('0193ae97-b800-7001-8001-00000000000d', 'イベント', '2025-01-13 00:00:00', '2026-01-13 00:00:00', 1, '2025-01-13 00:00:00', '2025-01-13 00:00:00', false),
('0193ae97-b800-7001-8001-00000000000e', '更新', '2025-01-14 00:00:00', '2026-01-01 14:00:00', 3, '2025-01-14 00:00:00', '2025-01-14 00:00:00', false),
('0193ae97-b800-7001-8001-00000000000f', '更新', '2025-01-15 00:00:00', '2026-01-01 15:00:00', 2, '2025-01-15 00:00:00', '2025-01-15 00:00:00', false),
('0193ae97-b800-7001-8001-000000000010', '一般', '2025-01-16 00:00:00', '2026-01-01 16:00:00', 4, '2025-01-16 00:00:00', '2025-01-16 00:00:00', false),
('0193ae97-b800-7001-8001-000000000011', '重要', '2025-01-17 00:00:00', '2026-01-01 17:00:00', 1, '2025-01-17 00:00:00', '2025-01-17 00:00:00', false),
('0193ae97-b800-7001-8001-000000000012', '一般', '2025-01-18 00:00:00', '2026-01-01 18:00:00', 3, '2025-01-18 00:00:00', '2025-01-18 00:00:00', false),
('0193ae97-b800-7001-8001-000000000013', 'イベント', '2025-01-19 00:00:00', '2026-01-19 00:00:00', 2, '2025-01-19 00:00:00', '2025-01-19 00:00:00', false),
('0193ae97-b800-7001-8001-000000000014', '一般', '2025-01-20 00:00:00', '2026-01-01 20:00:00', 3, '2025-01-20 00:00:00', '2025-01-20 00:00:00', false),
('0193ae97-b800-7001-8001-000000000015', '一般', '2025-01-21 00:00:00', '2026-01-01 21:00:00', 4, '2025-01-21 00:00:00', '2025-01-21 00:00:00', false),
('0193ae97-b800-7001-8001-000000000016', '一般', '2018-01-21 00:00:00', '2019-01-01 21:00:00', 1, '2010-01-21 00:00:00', '2011-01-21 00:00:00', true),
('0193ae97-b800-7001-8001-000000000017', 'テスト', '2030-01-21 00:00:00', '2100-01-01 21:00:00', 4, '2025-01-21 00:00:00', '2025-01-21 00:00:00', false),
('0193ae97-b800-7001-8001-000000000018', 'テスト', '2030-01-21 00:00:00', '2100-01-01 21:00:00', 4, '2025-01-21 00:00:00', '2025-01-21 00:00:00', false);

INSERT INTO announcement_contents (id, announcement_id, language_code, title, message, link_url) VALUES
('0193ae97-b800-7002-8001-000000000001', '0193ae97-b800-7001-8001-000000000001', 'ja', 'お知らせ 1', '内容 1', 'https://maia.alesinfiny.org/'),
('0193ae97-b800-7002-8001-000000000002', '0193ae97-b800-7001-8001-000000000002', 'ja', 'お知らせ 2', '内容 2', 'https://maia.alesinfiny.org/'),
('0193ae97-b800-7002-8001-000000000003', '0193ae97-b800-7001-8001-000000000003', 'ja', 'お知らせ 3', '内容 3', 'https://maia.alesinfiny.org/'),
('0193ae97-b800-7002-8001-000000000004', '0193ae97-b800-7001-8001-000000000004', 'ja', 'お知らせ 4', '内容 4', 'https://maia.alesinfiny.org/'),
('0193ae97-b800-7002-8001-000000000005', '0193ae97-b800-7001-8001-000000000005', 'ja', 'お知らせ 5', '内容 5', 'https://maia.alesinfiny.org/'),
('0193ae97-b800-7002-8001-000000000006', '0193ae97-b800-7001-8001-000000000006', 'ja', 'お知らせ 6', '内容 6', 'https://maia.alesinfiny.org/'),
('0193ae97-b800-7002-8001-000000000007', '0193ae97-b800-7001-8001-000000000007', 'ja', 'お知らせ 7', '内容 7', 'https://maia.alesinfiny.org/'),
('0193ae97-b800-7002-8001-000000000008', '0193ae97-b800-7001-8001-000000000008', 'ja', 'お知らせ 8', '内容 8', 'https://maia.alesinfiny.org/'),
('0193ae97-b800-7002-8001-000000000009', '0193ae97-b800-7001-8001-000000000009', 'ja', 'お知らせ 9', '内容 9', 'https://maia.alesinfiny.org/'),
('0193ae97-b800-7002-8001-00000000000a', '0193ae97-b800-7001-8001-00000000000a', 'ja', 'お知らせ 10', '内容 10', 'https://maia.alesinfiny.org/'),
('0193ae97-b800-7002-8001-00000000000b', '0193ae97-b800-7001-8001-00000000000b', 'ja', 'お知らせ 11', '内容 11', 'https://maia.alesinfiny.org/'),
('0193ae97-b800-7002-8001-00000000000c', '0193ae97-b800-7001-8001-00000000000c', 'ja', 'お知らせ 12', '内容 12', 'https://maia.alesinfiny.org/'),
('0193ae97-b800-7002-8001-00000000000d', '0193ae97-b800-7001-8001-00000000000d', 'ja', 'お知らせ 13', '内容 13', 'https://maia.alesinfiny.org/'),
('0193ae97-b800-7002-8001-00000000000e', '0193ae97-b800-7001-8001-00000000000e', 'ja', 'お知らせ 14', '内容 14', 'https://maia.alesinfiny.org/'),
('0193ae97-b800-7002-8001-00000000000f', '0193ae97-b800-7001-8001-00000000000f', 'ja', 'お知らせ 15', '内容 15', 'https://maia.alesinfiny.org/'),
('0193ae97-b800-7002-8001-000000000010', '0193ae97-b800-7001-8001-000000000010', 'ja', 'お知らせ 16', '内容 16', 'https://maia.alesinfiny.org/'),
('0193ae97-b800-7002-8001-000000000011', '0193ae97-b800-7001-8001-000000000011', 'ja', 'お知らせ 17', '内容 17', 'https://maia.alesinfiny.org/'),
('0193ae97-b800-7002-8001-000000000012', '0193ae97-b800-7001-8001-000000000012', 'es', 'Anuncio 18', 'Detalles 18', 'https://maia.alesinfiny.org/'),
('0193ae97-b800-7002-8001-000000000013', '0193ae97-b800-7001-8001-000000000013', 'zh', '公告 19', '详情 19', 'https://maia.alesinfiny.org/'),
('0193ae97-b800-7002-8001-000000000014', '0193ae97-b800-7001-8001-000000000014', 'en', 'Notice 20', 'Details 20', 'https://maia.alesinfiny.org/'),
('0193ae97-b800-7002-8001-000000000015', '0193ae97-b800-7001-8001-000000000015', 'ja', 'お知らせ 21', '内容 21', 'https://maia.alesinfiny.org/'),
('0193ae97-b800-7002-8001-000000000016', '0193ae97-b800-7001-8001-000000000016', 'ja', 'お知らせ 削除済み', '内容 削除済み', 'https://maia.alesinfiny.org/'),
('0193ae97-b800-7002-8001-000000000017', '0193ae97-b800-7001-8001-000000000017', 'en', '英語 English', '内容', 'https://maia.alesinfiny.org/'),
('0193ae97-b800-7002-8001-000000000018', '0193ae97-b800-7001-8001-000000000017', 'es', 'スペイン語 español', '内容', 'https://maia.alesinfiny.org/'),
('0193ae97-b800-7002-8001-000000000019', '0193ae97-b800-7001-8001-000000000018', 'ja', '日本語', '内容', 'https://maia.alesinfiny.org/'),
('0193ae97-b800-7002-8001-00000000001a', '0193ae97-b800-7001-8001-000000000018', 'en', '英語 English', '内容', 'https://maia.alesinfiny.org/'),
('0193ae97-b800-7002-8001-00000000001b', '0193ae97-b800-7001-8001-000000000018', 'zh', '中国語 中文', '内容', 'https://maia.alesinfiny.org/'),
('0193ae97-b800-7002-8001-00000000001c', '0193ae97-b800-7001-8001-000000000018', 'es', 'スペイン語 español', '内容', 'https://maia.alesinfiny.org/');

INSERT INTO announcement_history (id, announcement_id, category, post_date_time, expire_date_time, display_priority, created_at, changed_by, operation_type) VALUES
('0193ae97-b800-7003-8001-000000000001', '0193ae97-b800-7001-8001-000000000001', '一般', '2025-01-01 00:00:00', '2026-01-01 00:00:00', 1, '2025-01-01 00:00:00', 'system', 1),
('0193ae97-b800-7003-8001-000000000002', '0193ae97-b800-7001-8001-000000000002', '一般', '2025-01-02 00:00:00', '2026-01-02 00:00:00', 2, '2025-01-02 00:00:00', 'system', 1),
('0193ae97-b800-7003-8001-000000000003', '0193ae97-b800-7001-8001-000000000003', '一般', '2025-01-03 00:00:00', '2026-01-03 00:00:00', 3, '2025-01-03 00:00:00', 'system', 1),
('0193ae97-b800-7003-8001-000000000004', '0193ae97-b800-7001-8001-000000000004', 'イベント', '2025-01-04 00:00:00', '2026-01-04 00:00:00', 4, '2025-01-04 00:00:00', 'system', 1),
('0193ae97-b800-7003-8001-000000000005', '0193ae97-b800-7001-8001-000000000005', 'イベント', '2025-01-05 00:00:00', '2026-01-05 00:00:00', 1, '2025-01-05 00:00:00', 'system', 1),
('0193ae97-b800-7003-8001-000000000006', '0193ae97-b800-7001-8001-000000000006', '更新', '2025-01-06 00:00:00', '2026-01-06 00:00:00', 2, '2025-01-06 00:00:00', 'system', 1),
('0193ae97-b800-7003-8001-000000000007', '0193ae97-b800-7001-8001-000000000007', '更新', '2025-01-07 00:00:00', '2026-01-07 00:00:00', 3, '2025-01-07 00:00:00', 'system', 1),
('0193ae97-b800-7003-8001-000000000008', '0193ae97-b800-7001-8001-000000000008', '重要', '2025-01-08 00:00:00', '2026-01-08 00:00:00', 4, '2025-01-08 00:00:00', 'system', 1),
('0193ae97-b800-7003-8001-000000000009', '0193ae97-b800-7001-8001-000000000009', '重要', '2025-01-09 00:00:00', '2026-01-09 00:00:00', 1, '2025-01-09 00:00:00', 'system', 1),
('0193ae97-b800-7003-8001-00000000000a', '0193ae97-b800-7001-8001-00000000000a', '一般', '2025-01-10 00:00:00', '2026-01-10 00:00:00', 3, '2025-01-10 00:00:00', 'system', 1),
('0193ae97-b800-7003-8001-00000000000b', '0193ae97-b800-7001-8001-00000000000b', '一般', '2025-01-11 00:00:00', '2026-01-11 00:00:00', 2, '2025-01-11 00:00:00', 'system', 1),
('0193ae97-b800-7003-8001-00000000000c', '0193ae97-b800-7001-8001-00000000000c', 'イベント', '2025-01-12 00:00:00', '2026-01-12 00:00:00', 4, '2025-01-12 00:00:00', 'system', 1),
('0193ae97-b800-7003-8001-00000000000d', '0193ae97-b800-7001-8001-00000000000d', 'イベント', '2025-01-13 00:00:00', '2026-01-13 00:00:00', 1, '2025-01-13 00:00:00', 'system', 1),
('0193ae97-b800-7003-8001-00000000000e', '0193ae97-b800-7001-8001-00000000000e', '更新', '2025-01-14 00:00:00', '2026-01-14 00:00:00', 3, '2025-01-14 00:00:00', 'system', 1),
('0193ae97-b800-7003-8001-00000000000f', '0193ae97-b800-7001-8001-00000000000f', '更新', '2025-01-15 00:00:00', '2026-01-15 00:00:00', 2, '2025-01-15 00:00:00', 'system', 1),
('0193ae97-b800-7003-8001-000000000010', '0193ae97-b800-7001-8001-000000000010', '一般', '2025-01-16 00:00:00', '2026-01-16 00:00:00', 4, '2025-01-16 00:00:00', 'system', 1),
('0193ae97-b800-7003-8001-000000000011', '0193ae97-b800-7001-8001-000000000011', '重要', '2025-01-17 00:00:00', '2026-01-17 00:00:00', 1, '2025-01-17 00:00:00', 'system', 1),
('0193ae97-b800-7003-8001-000000000012', '0193ae97-b800-7001-8001-000000000012', '一般', '2025-01-18 00:00:00', '2026-01-18 00:00:00', 3, '2025-01-18 00:00:00', 'system', 1),
('0193ae97-b800-7003-8001-000000000013', '0193ae97-b800-7001-8001-000000000013', 'イベント', '2025-01-19 00:00:00', '2026-01-19 00:00:00', 2, '2025-01-19 00:00:00', 'system', 1),
('0193ae97-b800-7003-8001-000000000014', '0193ae97-b800-7001-8001-000000000014', '一般', '2025-01-20 00:00:00', '2026-01-20 00:00:00', 3, '2025-01-20 00:00:00', 'system', 1),
('0193ae97-b800-7003-8001-000000000015', '0193ae97-b800-7001-8001-000000000015', '一般', '2025-01-21 00:00:00', '2026-01-21 00:00:00', 4, '2025-01-21 00:00:00', 'system', 1),
('0193ae97-b800-7003-8001-000000000016', '0193ae97-b800-7001-8001-000000000017', 'テスト', '2025-01-21 00:00:00', '2026-01-21 00:00:00', 4, '2025-01-21 00:00:00', 'system', 1),
('0193ae97-b800-7003-8001-000000000017', '0193ae97-b800-7001-8001-000000000018', 'テスト', '2025-01-21 00:00:00', '2026-01-21 00:00:00', 4, '2025-01-21 00:00:00', 'system', 1),
('0193ae97-b800-7003-8001-000000000018', '0193ae97-b800-7001-8001-000000000016', '一般', '2018-01-21 00:00:00', '2019-01-01 21:00:00', 1, '2011-01-21 00:00:00', 'system', 3);

INSERT INTO announcement_content_history (id, announcement_history_id, language_code, title, message, link_url) VALUES
('0193ae97-b800-7004-8001-000000000001', '0193ae97-b800-7003-8001-000000000001', 'ja', 'お知らせ 1', '内容 1', 'https://maia.alesinfiny.org/'),
('0193ae97-b800-7004-8001-000000000002', '0193ae97-b800-7003-8001-000000000002', 'ja', 'お知らせ 2', '内容 2', 'https://maia.alesinfiny.org/'),
('0193ae97-b800-7004-8001-000000000003', '0193ae97-b800-7003-8001-000000000003', 'ja', 'お知らせ 3', '内容 3', 'https://maia.alesinfiny.org/'),
('0193ae97-b800-7004-8001-000000000004', '0193ae97-b800-7003-8001-000000000004', 'ja', 'お知らせ 4', '内容 4', 'https://maia.alesinfiny.org/'),
('0193ae97-b800-7004-8001-000000000005', '0193ae97-b800-7003-8001-000000000005', 'ja', 'お知らせ 5', '内容 5', 'https://maia.alesinfiny.org/'),
('0193ae97-b800-7004-8001-000000000006', '0193ae97-b800-7003-8001-000000000006', 'ja', 'お知らせ 6', '内容 6', 'https://maia.alesinfiny.org/'),
('0193ae97-b800-7004-8001-000000000007', '0193ae97-b800-7003-8001-000000000007', 'ja', 'お知らせ 7', '内容 7', 'https://maia.alesinfiny.org/'),
('0193ae97-b800-7004-8001-000000000008', '0193ae97-b800-7003-8001-000000000008', 'ja', 'お知らせ 8', '内容 8', 'https://maia.alesinfiny.org/'),
('0193ae97-b800-7004-8001-000000000009', '0193ae97-b800-7003-8001-000000000009', 'ja', 'お知らせ 9', '内容 9', 'https://maia.alesinfiny.org/'),
('0193ae97-b800-7004-8001-00000000000a', '0193ae97-b800-7003-8001-00000000000a', 'ja', 'お知らせ 10', '内容 10', 'https://maia.alesinfiny.org/'),
('0193ae97-b800-7004-8001-00000000000b', '0193ae97-b800-7003-8001-00000000000b', 'ja', 'お知らせ 11', '内容 11', 'https://maia.alesinfiny.org/'),
('0193ae97-b800-7004-8001-00000000000c', '0193ae97-b800-7003-8001-00000000000c', 'ja', 'お知らせ 12', '内容 12', 'https://maia.alesinfiny.org/'),
('0193ae97-b800-7004-8001-00000000000d', '0193ae97-b800-7003-8001-00000000000d', 'ja', 'お知らせ 13', '内容 13', 'https://maia.alesinfiny.org/'),
('0193ae97-b800-7004-8001-00000000000e', '0193ae97-b800-7003-8001-00000000000e', 'ja', 'お知らせ 14', '内容 14', 'https://maia.alesinfiny.org/'),
('0193ae97-b800-7004-8001-00000000000f', '0193ae97-b800-7003-8001-00000000000f', 'ja', 'お知らせ 15', '内容 15', 'https://maia.alesinfiny.org/'),
('0193ae97-b800-7004-8001-000000000010', '0193ae97-b800-7003-8001-000000000010', 'ja', 'お知らせ 16', '内容 16', 'https://maia.alesinfiny.org/'),
('0193ae97-b800-7004-8001-000000000011', '0193ae97-b800-7003-8001-000000000011', 'ja', 'お知らせ 17', '内容 17', 'https://maia.alesinfiny.org/'),
('0193ae97-b800-7004-8001-000000000012', '0193ae97-b800-7003-8001-000000000012', 'es', 'Anuncio 18', 'Detalles 18', 'https://maia.alesinfiny.org/'),
('0193ae97-b800-7004-8001-000000000013', '0193ae97-b800-7003-8001-000000000013', 'zh', '公告 19', '详情 19', 'https://maia.alesinfiny.org/'),
('0193ae97-b800-7004-8001-000000000014', '0193ae97-b800-7003-8001-000000000014', 'en', 'Notice 20', 'Details 20', 'https://maia.alesinfiny.org/'),
('0193ae97-b800-7004-8001-000000000015', '0193ae97-b800-7003-8001-000000000015', 'ja', 'お知らせ 21', '内容 21', 'https://maia.alesinfiny.org/'),
('0193ae97-b800-7004-8001-000000000016', '0193ae97-b800-7003-8001-000000000016', 'en', '英語 English', '内容', 'https://maia.alesinfiny.org/'),
('0193ae97-b800-7004-8001-000000000017', '0193ae97-b800-7003-8001-000000000016', 'es', 'スペイン語 español', '内容', 'https://maia.alesinfiny.org/'),
('0193ae97-b800-7004-8001-000000000018', '0193ae97-b800-7003-8001-000000000017', 'ja', '日本語', '内容', 'https://maia.alesinfiny.org/'),
('0193ae97-b800-7004-8001-000000000019', '0193ae97-b800-7003-8001-000000000017', 'en', '英語 English', '内容', 'https://maia.alesinfiny.org/'),
('0193ae97-b800-7004-8001-00000000001a', '0193ae97-b800-7003-8001-000000000017', 'zh', '中国語 中文', '内容', 'https://maia.alesinfiny.org/'),
('0193ae97-b800-7004-8001-00000000001b', '0193ae97-b800-7003-8001-000000000017', 'es', 'スペイン語 español', '内容', 'https://maia.alesinfiny.org/'),
('0193ae97-b800-7004-8001-00000000001c', '0193ae97-b800-7003-8001-000000000018', 'ja', 'お知らせ 削除済み', '内容 削除済み', 'https://maia.alesinfiny.org/');
